year,prop set before sunrise,mean time to sunrise (hrs),sd time to sunrise (hrs)
2009,0.4,0.996833333333333,2.30083400293318
2010,0.625,-0.227638888888889,1.68100940111047
2011,0.619047619047619,-0.103108465608466,1.44128606788103
2012,0.433333333333333,-0.0841481481481482,0.80871900298189
2016,0.5,-0.329097222222222,0.862904446086664
2017,0.864864864864865,-0.976629129129129,1.92095543960166
2018,0.653846153846154,-0.301057692307692,2.3329709141448
